,1,2,3,4,5,6,7,8,9,10,11,12,13,14,15,16,17,18,19,20,21,22,23,24,25,26,27,28,29,30,31,32,33,34,35,36,37,38,39,40,41,42,43,44,45,46,47,48,49,50,51,52,52A,53,54,55,56,57,58,59,60,61,62,63,64,65,66,67,68,69,70,71,72,73,74,75,76,77,78,79,80,81,82,82A,82B,82C,83,84,85,86,87,88,89,90,91,92,93,94,95,96,97,98,99,100,100A,100B,100C,100D,100E,100F,100G,100H,100I,100J,100K,100L,100M,100N,101,102,103,104,105,106,107,108,109,110,111,112,113
sequence,Q,V,Q,L,V,E,S,G,G,G,V,V,Q,P,G,R,S,L,R,L,S,C,A,A,S,G,F,T,F,S,N,A,W,M,S,W,V,R,Q,A,P,G,K,G,L,E,W,V,A,V,I,S,Y,D,G,S,N,K,Y,Y,A,D,S,V,K,G,R,F,T,I,S,R,D,N,S,K,N,T,L,Y,L,Q,M,N,S,L,R,A,E,D,T,A,V,Y,Y,C,A,K,D,Q,F,V,A,V,V,V,P,A,A,I,H,L,G,Y,Y,Y,G,M,D,V,W,G,Q,G,T,T,V,T,V,S,S
heavy_cont_all,2.47,2.73,0,0,0,0,0.32,0,0,0,0,0,0,0,0,0,0,0,0.32,0.32,0.32,0,0,0.32,0.96,2.56,15.13,19.8,0.96,42.8,74.8,47.5,83,0,10.7,0,3.19,0,0.32,0.32,0.32,0,0.32,0,0,0,29.5,0,0.32,56.2,35.6,62.8,60.9,28.9,25.7,32.7,69.4,28.9,66.9,0.96,0,1.6,0.32,0,1.28,0.32,0,0,0.32,0,0,0.32,0.32,1.6,0.96,0.32,0.96,0.32,0,0.32,0,0,0,0,0,0,0,0,0,0,0.32,0,0.32,0,0.64,0,0.5,8.3,52.7,44.1,66.1,82.6,75.9,64.9,26.67,42.11,62.5,0,0,50,69.23,82.61,55.32,87.3,78.4,76.9,14.8,11.7,19.4,2.56,1.5,0,0,0,0,0.64,0,0.32,0,0,0
heavy_cont_side,2.06,2.73,0,0,0,0,0.32,0,0,0,0,0,0,0,0,0,0,0,0.32,0,0.32,0,0,0,0.32,0,16.3,20.9,0.96,49.8,69.4,43.6,81.7,0,6.9,0,3.19,0,0.32,0,0.32,0,0.32,0,0,0,17.1,0,0,36.9,0.32,62.1,62.9,25.9,12.4,28.3,69.1,0.96,66.3,0.96,0,1.6,0,0,1.28,0.32,0,0,0.32,0,0,0,0,1.6,0.32,0.32,0.96,0.32,0,0.32,0,0,0,0,0,0,0,0,0,0,0.32,0,0.32,0,0.64,0,0.5,9.2,57.4,38.3,52.2,54.4,53.6,54.1,23.33,26.32,25,0,0,0,46.15,56.52,31.91,90,62.8,72.3,3.3,11.6,18.5,2.56,1.7,0,0,0,0,0.64,0,0.32,0,0,0
heavy_cont_main,1.23,0.34,0,0,0,0,0,0,0,0,0,0,0,0,0,0,0,0,0.32,0.32,0.32,0,0,0.32,0.96,2.56,3.19,2.8,0.64,30.9,63.5,31.8,18.7,0,0,0,0,0,0.32,0.32,0.32,0,0,0,0,0,0,0,0.32,19.6,32.9,50.6,62.6,15.6,15.1,21.7,26,29.4,12.1,0.64,0,0,0.32,0,0.32,0.32,0,0,0,0,0,0.32,0.32,0.32,0.64,0,0,0,0,0,0,0,0,0,0,0,0,0,0,0,0,0,0.32,0,0,0,0,2.24,18.8,31.7,49,63.8,70.2,52.9,13.33,31.58,50,0,0,50,46.15,60.87,44.68,57.6,65.7,47.9,14.3,1.1,0.96,0.32,0.32,0,0,0,0,0,0,0,0,0,0
heavy_hbond_all,0.82,0.34,0,0,0,0,0,0,0,0,0,0,0,0,0,0,0,0,0,0,0,0,0,0,0,0.64,0.32,2.88,0.64,23.8,63.8,10.1,34.2,0,2.5,0,0,0,0,0,0,0,0,0,0,0,0.96,0,0,8.5,0,29.5,63.5,16.7,3.7,29.1,21,3.19,27.7,0.32,0,0.32,0,0,0.32,0.32,0,0,0,0,0,0,0,0.96,0,0,0.32,0,0,0,0,0,0,0,0,0,0,0,0,0,0,0,0,0,0,0,0.96,2.24,46.5,21.7,13.7,26.4,26.7,32.5,6.67,21.05,25,0,0,50,15.38,39.13,14.89,63.8,30,69,0.9,1.29,3.19,0.96,0.64,0,0,0,0,0,0,0,0,0,0
heavy_hbond_side,0.41,0,0,0,0,0,0,0,0,0,0,0,0,0,0,0,0,0,0,0,0,0,0,0,0,0,0.32,2.56,0,2.24,46.5,9.9,23.6,0,1.6,0,0,0,0,0,0,0,0,0,0,0,0.96,0,0,11.3,0,31.9,10.8,6.4,3.7,1.6,22.7,0.64,26.8,0,0,0.32,0,0,0.32,0.32,0,0,0,0,0,0,0,0.96,0,0,0.32,0,0,0,0,0,0,0,0,0,0,0,0,0,0,0,0,0,0,0,0.96,1.92,46.9,11.9,7,10.8,22.9,10,0,15.79,0,0,0,0,7.69,17.39,8.51,10.99,9.8,53.8,0.3,0.97,2.88,0.96,0.64,0,0,0,0,0,0,0,0,0,0
heavy_hbond_main,0.41,0,0,0,0,0,0,0,0,0,0,0,0,0,0,0,0,0,0,0,0,0,0,0,0,0,0.32,2.56,0,2.24,46.5,9.9,23.6,0,1.6,0,0,0,0,0,0,0,0,0,0,0,0.96,0,0,11.3,0,31.9,10.8,6.4,3.7,1.6,22.7,0.64,26.8,0,0,0.32,0,0,0.32,0.32,0,0,0,0,0,0,0,0.96,0,0,0.32,0,0,0,0,0,0,0,0,0,0,0,0,0,0,0,0,0,0,0,0.96,1.92,46.9,11.9,7,10.8,22.9,10,0,15.79,0,0,0,0,7.69,17.39,8.51,10.99,9.8,53.8,0.3,0.97,2.88,0.96,0.64,0,0,0,0,0,0,0,0,0,0
heavy_hydro_all,1.65,2.05,0,0,0,0,0,0,0,0,0,0,0,0,0,0,0,0,0.32,0.32,0.32,0,0,0,0,0.96,2.88,30.3,0.64,23.5,57.8,26.3,60.2,0,5.5,0,2.56,0,0.32,0.32,0.32,0,0,0,0,0,23.2,0,0,26.4,2.88,45.1,72.8,20.3,10.1,9.4,41.5,2.88,64.3,0,0,0.96,0,0,0.32,0,0,0,0,0,0,0,0,0,0.32,0,0,0,0,0.32,0,0,0,0,0,0,0,0,0,0,0,0,0.32,0,0.64,0,2.88,2.24,31.2,40.7,50.6,72.3,38.8,59.2,13.33,21.05,37.5,0,0,25,23.08,39.13,29.79,68.3,55,63,5.9,6,20.2,0.96,0.9,0,0,0,0,0.32,0,0.32,0,0,0
heavy_hydro_side,1.65,2.05,0,0,0,0,0,0,0,0,0,0,0,0,0,0,0,0,0.32,0,0.32,0,0,0,0,0,1.92,30.9,0.64,2.88,43.5,22.4,61.8,0,4.3,0,2.56,0,0.32,0,0,0,0,0,0,0,23.6,0,0,25.5,0.32,45.8,70.8,15.7,6.7,2.24,46.8,0.32,58.8,0,0,0.96,0,0,0.32,0,0,0,0,0,0,0,0,0,0.32,0,0,0,0,0.32,0,0,0,0,0,0,0,0,0,0,0,0,0.32,0,0.64,0,2.88,1.92,34.2,25.7,50.2,56.2,24.7,39,13.33,21.05,25,0,0,0,7.69,26.09,17.02,73,52.2,66.9,3.1,14.9,21.6,0.96,0.7,0,0,0,0,0.32,0,0.32,0,0,0
heavy_hydro_main,0,0,0,0,0,0,0,0,0,0,0,0,0,0,0,0,0,0,0.32,0.32,0,0,0,0,0,0.96,1.28,0,0,0.64,44.4,7.2,1.28,0,0,0,0,0,0,0.32,0.32,0,0,0,0,0,0,0,0,1.6,2.56,1.92,0,2.24,1.28,1.28,3.19,2.56,0.32,0,0,0,0,0,0,0,0,0,0,0,0,0,0,0,0,0,0,0,0,0,0,0,0,0,0,0,0,0,0,0,0,0,0,0,0,0,0,0.32,1.2,18.2,14.6,39.6,29.2,10,3.33,0,12.5,0,0,25,15.38,21.74,14.89,8.79,6.1,6.3,3.2,1.94,0.32,0,0,0,0,0,0,0,0,0,0,0,0
