,1,2,3,4,5,6,7,8,9,10,11,12,13,14,15,16,17,18,19,20,21,22,23,24,25,26,27,28,29,30,30A,31,32,33,34,35,36,37,38,39,40,41,42,43,44,45,46,47,48,49,50,51,52,53,54,55,56,57,58,59,60,61,62,63,64,65,66,67,68,69,70,71,72,73,74,75,76,77,78,79,80,81,82,83,84,85,86,87,88,89,90,91,92,93,94,95,96,97,98,99,100,101,102,103,104,105,106,107
Sequence,E,I,V,L,T,Q,S,P,A,T,L,S,L,S,P,G,E,R,A,T,L,S,C,R,A,S,Q,S,V,S,S,S,Y,L,A,W,Y,Q,Q,K,P,G,Q,A,P,R,L,L,I,Y,G,A,S,S,R,A,T,G,I,P,D,R,F,S,G,S,G,S,G,T,D,F,T,L,T,I,S,R,L,E,P,E,D,F,A,V,Y,Y,C,Q,Q,Y,G,S,S,P,Y,T,F,G,Q,G,T,K,L,E,I,K
light_cont_all,1.33,0,0,0,0,0,0,0,0,0,0,0,0,0,0,0,0,0.32,0,0,0,0,0,0,0,0,14.5,11.5,2.56,65.2,40.8,25.4,84.4,1.28,2.3,0.32,2.8,0,0,0,0,0.32,0,0.32,0.32,0.32,0.4,0,0,19.6,10.2,2.24,2.56,25.5,3.19,0.4,11.9,0.64,0.96,0.96,0.96,0.64,0,0.32,0.32,0.32,2.24,1.6,0.64,0,0.32,0,0.32,0,0.32,0,0.32,0.32,0,0.64,0.32,0.32,0.32,0,0,0,0,0,0,1.7,0.96,56.5,70.7,36,45.6,6.6,51.9,0,0.9,0,0,0,0,0,0,0,0,0
light_cont_side,0.88,0,0,0,0,0,0,0,0,0,0,0,0,0,0,0,0,0.32,0,0,0,0,0,0,0,0,12,2.7,0.96,66.4,42.2,26.6,85.1,0,1.6,0,2.8,0,0,0,0,0,0,0.32,0.32,0.32,0.6,0,0,17.3,8.7,2.24,1.92,23.5,1.28,0.5,12.1,0,0,0.64,0.96,0.64,0,0.32,0,0.32,2.24,1.6,0,0,0.32,0,0.32,0,0.32,0,0.32,0.32,0,0.64,0.32,0.32,0.32,0,0,0,0,0,0,2.5,0.64,45.4,13.6,20.3,43.5,2.13,51,0,1.4,0,0,0,0,0,0,0,0,0
light_cont_main,0.88,0,0,0,0,0,0,0,0,0,0,0,0,0,0,0,0,0,0,0,0,0,0,0,0,0,0.96,2.88,2.24,15.2,28.5,14.7,1.8,1.28,0.96,0.32,0,0,0,0,0,0.32,0,0,0,0,0,0,0,1.6,10.1,0,1.28,0.64,2.56,0.32,2.88,0.64,0.96,0.64,0.64,0,0,0,0.32,0.32,0,0.64,0.64,0,0.32,0,0.32,0,0,0,0,0,0,0,0,0,0,0,0,0,0,0,0,0.32,0.32,43.8,61,28.9,30,2.48,0.32,0,0,0,0,0,0,0,0,0,0,0
light_hbond_all,0,0,0,0,0,0,0,0,0,0,0,0,0,0,0,0,0,0,0,0,0,0,0,0,0,0,0.64,1.92,0.64,29.1,29.8,16,56.6,0.32,0,0,0.32,0,0,0,0,0.32,0,0,0,0,0.96,0,0,2.1,2.6,0.96,1.92,2.5,1.28,0.96,2.56,0,0.32,0,0,0,0,0,0,0.32,1.6,0,0.64,0,0,0,0,0,0,0,0,0,0,0,0,0,0,0,0,0,0,0,0,1.28,0,16.8,29.2,8.4,27.6,0,4.9,0,0,0,0,0,0,0,0,0,0,0
light_hbond_side,0,0,0,0,0,0,0,0,0,0,0,0,0,0,0,0,0,0,0,0,0,0,0,0,0,0,0.64,1.28,0,24.6,32.7,13.7,50.7,0,0.7,0,0.32,0,0,0,0,0,0,0,0,0,0.96,0,0,1.6,1.4,0.96,1.28,2.7,0,0.64,1.92,0,0,0,0,0,0,0,0,0.32,1.6,0,0,0,0,0,0,0,0,0,0,0,0,0,0,0,0,0,0,0,0,0,0,1.28,0,9.4,3.3,0.6,26.9,0,3.8,0,0,0,0,0,0,0,0,0,0,0
light_hbond_main,0,0,0,0,0,0,0,0,0,0,0,0,0,0,0,0,0,0,0,0,0,0,0,0,0,0,0.64,1.28,0,24.6,32.7,13.7,50.7,0,0.7,0,0.32,0,0,0,0,0,0,0,0,0,0.96,0,0,1.6,1.4,0.96,1.28,2.7,0,0.64,1.92,0,0,0,0,0,0,0,0,0.32,1.6,0,0,0,0,0,0,0,0,0,0,0,0,0,0,0,0,0,0,0,0,0,0,1.28,0,9.4,3.3,0.6,26.9,0,3.8,0,0,0,0,0,0,0,0,0,0,0
light_hydro_all,0.88,0,0,0,0,0,0,0,0,0,0,0,0,0,0,0,0,0.32,0,0,0,0,0,0,0,0,0.96,2.88,0.96,14.5,22.2,8.4,63,0,1.3,0,1.92,0,0,0,0,0,0,0,0.32,0.32,2.88,0,0,4.7,7.8,0.96,0.64,3.7,0.32,1.92,3.19,0.32,0.32,0.32,0.32,0.32,0,0,0,0,0,0.64,0,0,0.32,0,0.32,0,0.32,0,0,0.32,0,0.32,0.32,0,0,0,0,0,0,0,0,4.3,0.32,30,19.9,14.4,9.4,2.13,36.1,0,2.24,0,0,0,0,0,0,0,0,0
light_hydro_side,0,0,0,0,0,0,0,0,0,0,0,0,0,0,0,0,0,0.32,0,0,0,0,0,0,0,0,0.96,2.24,0.64,14.6,23.2,9.9,65,0,1,0,1.92,0,0,0,0,0,0,0,0.32,0.32,2.88,0,0,3.6,7.6,0.96,0.64,4.3,0.32,1.92,3.19,0,0,0.32,0.32,0.32,0,0,0,0,0,0.64,0,0,0.32,0,0.32,0,0.32,0,0,0.32,0,0.32,0.32,0,0,0,0,0,0,0,0,3.6,0,31,7.9,3.1,10.8,1.06,35.6,0,2.24,0,0,0,0,0,0,0,0,0
light_hydro_main,0.88,0,0,0,0,0,0,0,0,0,0,0,0,0,0,0,0,0,0,0,0,0,0,0,0,0,0,0.64,0.64,0.68,1.27,1.92,0.64,0,0.64,0,0,0,0,0,0,0,0,0,0,0,0,0,0,0.64,0,0,0,0.32,0,0,0,0.32,0.32,0,0,0,0,0,0,0,0,0,0,0,0,0,0,0,0,0,0,0,0,0,0,0,0,0,0,0,0,0,0,0,0.32,5.5,23.1,18.1,3.21,1.06,0,0,0,0,0,0,0,0,0,0,0,0
