,1,2,3,4,5,6,7,8,9,10,11,12,13,14,15,16,17,18,19,20,21,22,23,24,25,26,27,28,29,30,31,32,33,34,35,36,37,38,39,40,41,42,43,44,45,46,47,48,49,50,51,52,52A,53,54,55,56,57,58,59,60,61,62,63,64,65,66,67,68,69,70,71,72,73,74,75,76,77,78,79,80,81,82,82A,82B,82C,83,84,85,86,87,88,89,90,91,92,93,94,95,96,97,98,99,100,100A,100B,100C,100D,100E,100F,100G,100H,100I,100J,100K,100L,100M,100N,100O,100P,100Q,101,102,103,104,105,106,107,108,109,110,111,112,113
sequence,Q,V,Q,L,V,E,S,G,G,G,V,V,Q,P,G,R,S,L,R,L,S,C,A,A,S,G,F,T,F,S,T,Y,P,M,H,W,V,R,Q,A,P,G,K,G,L,E,W,V,A,F,L,W,H,D,G,T,E,E,F,Y,A,D,S,V,R,G,R,F,T,I,S,R,D,N,S,K,N,T,L,Y,L,Q,M,D,G,L,R,A,D,D,T,A,L,Y,Y,C,A,R,D,T,G,V,G,G,L,V,V,P,A,A,T,G,D,L,A,G,Y,Y,Y,G,M,D,V,W,G,Q,G,T,T,V,T,V,S,S
heavy_cont_all,2.47,2.73,0,0,0,0,0.32,0,0,0,0,0,0,0,0,0,0,0,0.32,0.32,0.32,0,0,0.32,0.96,2.56,21.67,21.6,0.96,45,55.5,31.1,81.4,0,32.4,0,3.19,0,0.32,0.32,0.32,0,0.32,0,0,0,33.6,0,0.32,66,45.8,78.6,66.9,44.2,36.7,49.1,57.3,30.7,65.3,0.96,0,1.6,0.32,0,1.28,0.32,0,0,0.32,0,0,0.32,0.32,1.6,0.96,0.32,0.96,0.32,0,0.32,0,0,0,0,0,0,0,0,0,0,0.32,0,0.32,0,0.64,0,0.2,17,47.9,43.5,61.2,74.8,59,61.2,26.67,42.11,62.5,0,0,0,0,0,50,69.23,82.61,55.32,90.5,80.7,71.6,17.4,21.4,21.3,2.56,0.9,0,0,0,0,0.64,0,0.32,0,0,0
heavy_cont_side,2.06,2.73,0,0,0,0,0.32,0,0,0,0,0,0,0,0,0,0,0,0.32,0,0.32,0,0,0,0.32,0,23.7,24.9,0.96,49.9,43.1,28.6,78.1,0,29.6,0,3.19,0,0.32,0,0.32,0,0.32,0,0,0,17.1,0,0,60.6,0.32,76.5,68.9,37.2,18.3,49.4,55.5,0.96,65.3,0.96,0,1.6,0,0,1.28,0.32,0,0,0.32,0,0,0,0,1.6,0.32,0.32,0.96,0.32,0,0.32,0,0,0,0,0,0,0,0,0,0,0.32,0,0.32,0,0.64,0,0.2,20.6,54.6,31.2,27.4,52.8,35,42.5,23.33,26.32,25,0,0,0,0,0,0,46.15,56.52,31.91,88.5,73.4,66.9,16.9,19.3,20.4,2.56,2.3,0,0,0,0,0.64,0,0.32,0,0,0
heavy_cont_main,1.23,0.34,0,0,0,0,0,0,0,0,0,0,0,0,0,0,0,0,0.32,0.32,0.32,0,0,0.32,0.96,2.56,3.19,2.5,0.64,30.7,49.1,23.1,26.9,0,0,0,0,0,0.32,0.32,0.32,0,0,0,0,0,0,0,0.32,21.2,43.1,51.4,49.1,26.3,18.5,32.3,37.2,33.3,27.1,0.64,0,0,0.32,0,0.32,0.32,0,0,0,0,0,0.32,0.32,0.32,0.64,0,0,0,0,0,0,0,0,0,0,0,0,0,0,0,0,0,0.32,0,0,0,0,2.24,14.3,27.4,53.1,59.4,54.8,50.1,13.33,31.58,50,0,0,0,0,0,50,46.15,60.87,44.68,59.6,63.1,50.6,17.2,1.9,0.96,0.32,0.32,0,0,0,0,0,0,0,0,0,0
heavy_hbond_all,0.82,0.34,0,0,0,0,0,0,0,0,0,0,0,0,0,0,0,0,0,0,0,0,0,0,0,0.64,0.32,2.88,0.64,26.9,57.1,10.5,51.1,0,11,0,0,0,0,0,0,0,0,0,0,0,0.96,0,0,12.2,0,42.4,45.2,37.4,18.5,30.7,22.6,3.19,27.8,0.32,0,0.32,0,0,0.32,0.32,0,0,0,0,0,0,0,0.96,0,0,0.32,0,0,0,0,0,0,0,0,0,0,0,0,0,0,0,0,0,0,0,0.96,2.24,42.6,21.4,31.8,20.1,32.8,39.5,6.67,21.05,25,0,0,0,0,0,50,15.38,39.13,14.89,65.7,42.2,61.5,11.4,1.29,3.19,0.96,0.64,0,0,0,0,0,0,0,0,0,0
heavy_hbond_side,0.41,0,0,0,0,0,0,0,0,0,0,0,0,0,0,0,0,0,0,0,0,0,0,0,0,0,0.32,2.56,0,2.24,43,8.1,43.9,0,12,0,0,0,0,0,0,0,0,0,0,0,0.96,0,0,15,0,44.1,24.3,28.8,16.1,1.6,21.8,0.64,27,0,0,0.32,0,0,0.32,0.32,0,0,0,0,0,0,0,0.96,0,0,0.32,0,0,0,0,0,0,0,0,0,0,0,0,0,0,0,0,0,0,0,0.96,1.92,44.4,13.9,12.1,6.3,20.6,10,0,15.79,0,0,0,0,0,0,0,7.69,17.39,8.51,10.99,16.2,51.9,11.2,0.97,2.88,0.96,0.64,0,0,0,0,0,0,0,0,0,0
heavy_hbond_main,0.41,0,0,0,0,0,0,0,0,0,0,0,0,0,0,0,0,0,0,0,0,0,0,0,0,0,0.32,2.56,0,2.24,43,8.1,43.9,0,12,0,0,0,0,0,0,0,0,0,0,0,0.96,0,0,15,0,44.1,24.3,28.8,16.1,1.6,21.8,0.64,27,0,0,0.32,0,0,0.32,0.32,0,0,0,0,0,0,0,0.96,0,0,0.32,0,0,0,0,0,0,0,0,0,0,0,0,0,0,0,0,0,0,0,0.96,1.92,44.4,13.9,12.1,6.3,20.6,10,0,15.79,0,0,0,0,0,0,0,7.69,17.39,8.51,10.99,16.2,51.9,11.2,0.97,2.88,0.96,0.64,0,0,0,0,0,0,0,0,0,0
heavy_hydro_all,1.65,2.05,0,0,0,0,0,0,0,0,0,0,0,0,0,0,0,0,0.32,0.32,0.32,0,0,0,0,0.96,2.88,24.3,0.64,28.6,41.7,24.2,55.2,0,25.4,0,2.56,0,0.32,0.32,0.32,0,0,0,0,0,24.3,0,0,45.8,2.88,59.6,70.2,28,10.5,19,42.6,2.88,57.1,0,0,0.96,0,0,0.32,0,0,0,0,0,0,0,0,0,0.32,0,0,0,0,0.32,0,0,0,0,0,0,0,0,0,0,0,0,0.32,0,0.64,0,2.88,2.24,32.6,20.2,45.6,62.2,40.5,54.3,13.33,21.05,37.5,0,0,0,0,0,25,23.08,39.13,29.79,72.4,63.8,65.7,7,12.8,9,0.96,0.9,0,0,0,0,0.32,0,0.32,0,0,0
heavy_hydro_side,1.65,2.05,0,0,0,0,0,0,0,0,0,0,0,0,0,0,0,0,0.32,0,0.32,0,0,0,0,0,1.92,26.8,0.64,2.88,29.4,21.1,60.8,0,23,0,2.56,0,0.32,0,0,0,0,0,0,0,23.6,0,0,43.3,0.32,57.9,67,22.8,9.3,2.24,42,0.32,55.6,0,0,0.96,0,0,0.32,0,0,0,0,0,0,0,0,0,0.32,0,0,0,0,0.32,0,0,0,0,0,0,0,0,0,0,0,0,0.32,0,0.64,0,2.88,1.92,34.1,16.9,35,56.2,22.7,29.9,13.33,21.05,25,0,0,0,0,0,0,7.69,26.09,17.02,74.9,59.6,67.7,8.3,24,9.3,0.96,1.7,0,0,0,0,0.32,0,0.32,0,0,0
heavy_hydro_main,0,0,0,0,0,0,0,0,0,0,0,0,0,0,0,0,0,0,0.32,0.32,0,0,0,0,0,0.96,1.28,0,0,0.64,32.6,4,1.28,0,0,0,0,0,0,0.32,0.32,0,0,0,0,0,0,0,0,1.6,2.56,1.92,0,2.24,1.28,1.28,3.19,2.56,0.32,0,0,0,0,0,0,0,0,0,0,0,0,0,0,0,0,0,0,0,0,0,0,0,0,0,0,0,0,0,0,0,0,0,0,0,0,0,0,0.32,3.4,10.6,24,20.9,41.8,10,3.33,0,12.5,0,0,0,0,0,25,15.38,21.74,14.89,8.79,7.9,7.6,1.6,1.94,0.32,0,0,0,0,0,0,0,0,0,0,0,0
