,immh159MU5,NAIL120small,IMML103small,NAIL107small,NAIL120big,IMML103big,NAIL107big
27,F,12.13,12.4,12.33,12.67,12.93,12.87
28,M,20.2,17.4,17.2,22.53,19.73,19.6
30,S,36,36.9,35.9,49.6,47.8,46
31,S,51.6,54.3,54.3,65.8,63.9,62.4
32,Y,34.7,39,40.1,37.5,41.7,42.7
33,E,75.3,76.9,77.7,75.3,76.9,77.7
35,N,14.6,17.6,24.7,11.8,15.3,22.4
47,W,35.3,33.5,45.3,35.3,33.5,45.3
50,R,64.5,58.9,64,64.5,58.9,64
51,I,23,22.5,24.7,23,22.5,24.7
52,K,45.6,56.4,53.7,51.4,61.5,57.1
53,S,28.7,45.7,49.4,28.7,45.7,49.4
56,D,32.4,41.7,42.1,33.1,40.6,40.6
57,G,34.7,33.2,30.7,39.5,35.3,32
58,G,27.4,33.1,32,27.4,33.1,32
59,T,32.3,43,42.4,44.9,57,54.9
60,T,25.5,25.1,27,28.7,28.3,30.1
61,D,36.6,49.8,51.8,36.6,49.8,51.8
99,T,2.1,2.7,2.7,2,2.5,2.5
100,T,14.3,17.7,19.9,14.3,17.7,19.9
101,D,50.1,48.5,60.6,50.1,48.5,60.6
102,L,39.3,42.6,41.9,39.3,42.6,41.9
103,F,52.5,55.1,53.1,57.7,59.6,57.4
104,L,57.7,62.8,57.7,68.3,69.1,64.9
105,R,60.4,67.6,64.6,69.1,73.3,68.5
106,A,44.7,38.1,40.1,46.9,40,41.6
116,Y,92.7,91.9,91.5,92.7,91.9,91.5
117,Y,78,63.6,62.1,78,63.6,62.1
118,Y,78.2,76,75.7,78.2,76,75.7
119,G,10.8,12.5,13.1,10.8,12.5,13.1
120,M,8.3,8.7,11.8,8.3,8.7,11.8
121,D,31,15.7,17.5,31,15.7,17.5
123,W,1.9,2.6,6.6,1.4,2.3,6.1
