,naih111small,NAIL120small,IMML103small,NAIL107small,naih111big,NAIL120,IMML103,NAIL107
27,F,14.93,16.67,16.87,F,15.4,17,17.2
28,T,20.07,17.67,17.67,T,21.73,18.93,19
30,S,36.5,32.4,30.8,S,44.3,38.7,36.9
31,S,61,63.5,62.1,S,74,72,69.9
32,Y,35.2,37.9,39.5,Y,39.4,41.5,42.9
33,G,44.9,47,51.7,G,44.9,47,51.7
35,H,19.7,19.3,26.8,H,12.2,12.9,20.2
47,W,25.7,23.9,37.5,W,25.7,23.9,37.5
50,V,48.2,43,51.8,V,48.2,43,51.8
51,I,36,28.9,30.8,I,36,28.9,30.8
52,S,67.2,67.3,63.1,S,70.9,69.9,64.6
53,Y,65.9,81.4,81.7,Y,65.9,81.4,81.7
54,D,32.8,41.9,41.2,D,32.6,40,39.3
55,G,26.3,22.2,22.2,G,29.5,22.3,22.8
56,S,27.8,33.2,34,S,27.8,33.2,34
57,N,56.4,64.1,63.1,N,64.6,74.9,72.6
58,K,28.4,21.1,23.9,K,30.5,22.5,25.1
59,Y,65.7,72.9,73,Y,65.7,72.9,73
97,A,0.1,0.6,0.6,A,0.1,0.5,0.5
98,K,7,7.9,10.7,K,7,7.9,10.7
99,T,37.1,35.5,50.1,T,37.1,35.5,50.1
100,L,33.7,37.1,36,L,33.7,37.1,36
101,L,63.8,63.3,61.9,L,67.4,66.8,65.5
102,D,64.8,66.4,64.8,D,69.7,68.2,66.8
103,V,70,75.8,71.7,V,75.2,78.4,73.2
104,V,68.5,61.5,62.7,V,70.9,63.9,64.7
115,Y,87.8,88,87.7,Y,87.8,88,87.7
116,Y,76,67.1,66.8,Y,76,67.1,66.8
117,Y,75.7,74.7,74.5,Y,75.7,74.7,74.5
118,G,10.4,10.6,12.8,G,10.4,10.6,12.8
119,M,8.8,8.9,12.5,M,8.8,8.9,12.5
120,D,14.1,2,2.9,D,14.1,2,2.9
122,W,0.8,0.7,4.9,W,0.5,0.5,4.3
