,preh149MU7,NAIL120small,IMML103small,NAIL107small,NAIL120big,IMML103big,NAIL107big
1,E,2.47,2.47,2.47,2.47,2.47,2.47
2,V,2.73,2.73,2.73,2.73,2.73,2.73
3,Q,0,0,0,0,0,0
4,L,0,0,0,0,0,0
5,V,0,0,0,0,0,0
6,E,0,0,0,0,0,0
7,S,0.32,0.32,0.32,0.32,0.32,0.32
8,G,0,0,0,0,0,0
9,G,0,0,0,0,0,0
10,G,0,0,0,0,0,0
11,L,0,0,0,0,0,0
12,V,0,0,0,0,0,0
13,K,0,0,0,0,0,0
14,P,0,0,0,0,0,0
15,G,0,0,0,0,0,0
16,G,0,0,0,0,0,0
17,S,0,0,0,0,0,0
18,L,0,0,0,0,0,0
19,R,0.32,0.32,0.32,0.32,0.32,0.32
20,L,0.32,0.32,0.32,0.32,0.32,0.32
21,S,0.32,0.32,0.32,0.32,0.32,0.32
22,C,0,0,0,0,0,0
23,A,0,0,0,0,0,0
24,A,0.32,0.32,0.32,0.32,0.32,0.32
25,S,0.96,0.96,0.96,0.96,0.96,0.96
26,G,2.56,2.56,2.56,2.56,2.56,2.56
27,F,18.8,19.47,19.67,19.4,20.07,20.27
28,T,29.73,25.33,25.67,31.73,27.27,27.73
29,F,0.96,0.96,0.96,0.96,0.96,0.96
30,S,46.4,46,46.1,58.4,54.9,54.5
31,N,59.2,62.1,60,71.7,70.2,67.4
32,A,41.4,39.4,41.6,45.1,43.2,45.1
33,W,83.9,84.9,86.1,83.9,84.9,86.1
34,M,0,0,0,0,0,0
35,S,12.3,12,17.9,10,10.7,16.1
36,W,0,0,0,0,0,0
37,V,3.19,3.19,3.19,3.19,3.19,3.19
38,R,0,0,0,0,0,0
39,Q,0.32,0.32,0.32,0.32,0.32,0.32
40,A,0.32,0.32,0.32,0.32,0.32,0.32
41,P,0.32,0.32,0.32,0.32,0.32,0.32
42,G,0,0,0,0,0,0
43,K,0.32,0.32,0.32,0.32,0.32,0.32
44,G,0,0,0,0,0,0
45,L,0,0,0,0,0,0
46,E,0,0,0,0,0,0
47,W,25.9,27.7,38.4,25.9,27.7,38.4
48,V,0,0,0,0,0,0
49,G,0.32,0.32,0.32,0.32,0.32,0.32
50,R,64.2,61.2,66.7,64.2,61.2,66.7
51,I,21.4,21.2,22.9,21.4,21.2,22.9
52,K,52.9,62.2,58.9,57.5,65.8,60.4
53,S,33.1,49.2,53.3,33.1,49.2,53.3
54,K,11.43,11.43,11.43,11.43,11.43,11.43
55,T,26.47,26.47,26.47,26.47,26.47,26.47
56,D,43.7,52.9,52.1,45.3,53.1,51.9
57,G,34.9,33.3,30.4,39,34.6,31
58,G,25.2,30.9,29.3,25.2,30.9,29.3
59,T,41.5,51,49.4,50.4,60.7,58.5
60,T,22.3,20.5,22.7,24.9,22.3,24.7
61,D,49.1,62.7,63.8,49.1,62.7,63.8
62,Y,0.96,0.96,0.96,0.96,0.96,0.96
63,A,0,0,0,0,0,0
64,A,1.6,1.6,1.6,1.6,1.6,1.6
65,P,0.32,0.32,0.32,0.32,0.32,0.32
66,V,0,0,0,0,0,0
67,K,1.28,1.28,1.28,1.28,1.28,1.28
68,G,0.32,0.32,0.32,0.32,0.32,0.32
69,R,0,0,0,0,0,0
70,F,0,0,0,0,0,0
71,T,0.32,0.32,0.32,0.32,0.32,0.32
72,I,0,0,0,0,0,0
73,S,0,0,0,0,0,0
74,R,0.32,0.32,0.32,0.32,0.32,0.32
75,D,0.32,0.32,0.32,0.32,0.32,0.32
76,D,1.6,1.6,1.6,1.6,1.6,1.6
77,S,0.96,0.96,0.96,0.96,0.96,0.96
78,K,0.32,0.32,0.32,0.32,0.32,0.32
79,N,0.96,0.96,0.96,0.96,0.96,0.96
80,T,0.32,0.32,0.32,0.32,0.32,0.32
81,L,0,0,0,0,0,0
82,Y,0.32,0.32,0.32,0.32,0.32,0.32
83,L,0,0,0,0,0,0
84,Q,0,0,0,0,0,0
85,M,0,0,0,0,0,0
86,N,0,0,0,0,0,0
87,S,0,0,0,0,0,0
88,L,0,0,0,0,0,0
89,K,0,0,0,0,0,0
90,T,0,0,0,0,0,0
91,E,0,0,0,0,0,0
92,D,0,0,0,0,0,0
93,T,0.32,0.32,0.32,0.32,0.32,0.32
94,A,0,0,0,0,0,0
95,V,0.32,0.32,0.32,0.32,0.32,0.32
96,Y,0,0,0,0,0,0
97,Y,0.64,0.64,0.64,0.64,0.64,0.64
98,C,0,0,0,0,0,0
99,T,2.2,2.7,2.7,2.2,2.6,2.6
100,T,14,16.2,19.5,14,16.2,19.5
101,D,51.4,47.5,61.6,51.4,47.5,61.6
102,R,38.8,40.5,39.6,38.8,40.5,39.6
103,W,67.1,67.6,65,70.9,70.7,68.3
104,G,76.8,76.9,70.8,82.7,79.7,73.6
105,I,74.5,80.7,77.2,79.6,83.5,78.1
106,V,46.9,38.3,40.6,49.1,40.3,42.3
107,V,26.67,26.67,26.67,26.67,26.67,26.67
108,V,42.11,42.11,42.11,42.11,42.11,42.11
109,P,62.5,62.5,62.5,62.5,62.5,62.5
110,A,0,0,0,0,0,0
111,A,50,50,50,50,50,50
112,K,69.23,69.23,69.23,69.23,69.23,69.23
113,L,82.61,82.61,82.61,82.61,82.61,82.61
114,V,55.32,55.32,55.32,55.32,55.32,55.32
115,S,85.3,85.8,85.5,85.3,85.8,85.5
116,Y,75.7,65.1,63.2,75.7,65.1,63.2
117,Y,81.2,78.7,78.1,81.2,78.7,78.1
118,G,10.1,10.5,11.3,10.1,10.5,11.3
119,M,9.8,9.4,14,9.8,9.4,14
120,D,22.6,9.8,11.8,22.6,9.8,11.8
121,V,2.56,2.56,2.56,2.56,2.56,2.56
122,W,1.7,1.4,4.9,1.3,1.2,4.3
123,G,0,0,0,0,0,0
124,Q,0,0,0,0,0,0
125,G,0,0,0,0,0,0
126,T,0,0,0,0,0,0
127,T,0.64,0.64,0.64,0.64,0.64,0.64
128,V,0,0,0,0,0,0
129,T,0.32,0.32,0.32,0.32,0.32,0.32
130,V,0,0,0,0,0,0
131,S,0,0,0,0,0,0
132,S,0,0,0,0,0,0
