,naih111,NAIL120small,IMML103small,NAIL107small,NAIL120big,IMML103big,NAIL107big
1,Q,2.47,2.47,2.47,2.47,2.47,2.47
2,V,2.73,2.73,2.73,2.73,2.73,2.73
3,Q,0,0,0,0,0,0
4,L,0,0,0,0,0,0
5,V,0,0,0,0,0,0
6,E,0,0,0,0,0,0
7,S,0.32,0.32,0.32,0.32,0.32,0.32
8,G,0,0,0,0,0,0
9,G,0,0,0,0,0,0
10,G,0,0,0,0,0,0
11,V,0,0,0,0,0,0
12,V,0,0,0,0,0,0
13,Q,0,0,0,0,0,0
14,P,0,0,0,0,0,0
15,G,0,0,0,0,0,0
16,R,0,0,0,0,0,0
17,S,0,0,0,0,0,0
18,L,0,0,0,0,0,0
19,R,0.32,0.32,0.32,0.32,0.32,0.32
20,L,0.32,0.32,0.32,0.32,0.32,0.32
21,S,0.32,0.32,0.32,0.32,0.32,0.32
22,C,0,0,0,0,0,0
23,A,0,0,0,0,0,0
24,A,0.32,0.32,0.32,0.32,0.32,0.32
25,S,0.96,0.96,0.96,0.96,0.96,0.96
26,G,2.56,2.56,2.56,2.56,2.56,2.56
27,F,14.93,16.67,16.87,15.4,17,17.2
28,T,20.07,17.67,17.67,21.73,18.93,19
29,F,0.96,0.96,0.96,0.96,0.96,0.96
30,S,36.5,32.4,30.8,44.3,38.7,36.9
31,S,61,63.5,62.1,74,72,69.9
32,Y,35.2,37.9,39.5,39.4,41.5,42.9
33,G,44.9,47,51.7,44.9,47,51.7
34,M,0,0,0,0,0,0
35,H,19.7,19.3,26.8,12.2,12.9,20.2
36,W,0,0,0,0,0,0
37,V,3.19,3.19,3.19,3.19,3.19,3.19
38,R,0,0,0,0,0,0
39,Q,0.32,0.32,0.32,0.32,0.32,0.32
40,A,0.32,0.32,0.32,0.32,0.32,0.32
41,P,0.32,0.32,0.32,0.32,0.32,0.32
42,G,0,0,0,0,0,0
43,K,0.32,0.32,0.32,0.32,0.32,0.32
44,G,0,0,0,0,0,0
45,L,0,0,0,0,0,0
46,E,0,0,0,0,0,0
47,W,25.7,23.9,37.5,25.7,23.9,37.5
48,V,0,0,0,0,0,0
49,A,0.32,0.32,0.32,0.32,0.32,0.32
50,V,48.2,43,51.8,48.2,43,51.8
51,I,36,28.9,30.8,36,28.9,30.8
52,S,67.2,67.3,63.1,70.9,69.9,64.6
53,Y,65.9,81.4,81.7,65.9,81.4,81.7
54,D,32.8,41.9,41.2,32.6,40,39.3
55,G,26.3,22.2,22.2,29.5,22.3,22.8
56,S,27.8,33.2,34,27.8,33.2,34
57,N,56.4,64.1,63.1,64.6,74.9,72.6
58,K,28.4,21.1,23.9,30.5,22.5,25.1
59,Y,65.7,72.9,73,65.7,72.9,73
60,Y,0.96,0.96,0.96,0.96,0.96,0.96
61,A,0,0,0,0,0,0
62,D,1.6,1.6,1.6,1.6,1.6,1.6
63,S,0.32,0.32,0.32,0.32,0.32,0.32
64,V,0,0,0,0,0,0
65,K,1.28,1.28,1.28,1.28,1.28,1.28
66,G,0.32,0.32,0.32,0.32,0.32,0.32
67,R,0,0,0,0,0,0
68,F,0,0,0,0,0,0
69,T,0.32,0.32,0.32,0.32,0.32,0.32
70,I,0,0,0,0,0,0
71,S,0,0,0,0,0,0
72,R,0.32,0.32,0.32,0.32,0.32,0.32
73,D,0.32,0.32,0.32,0.32,0.32,0.32
74,N,1.6,1.6,1.6,1.6,1.6,1.6
75,S,0.96,0.96,0.96,0.96,0.96,0.96
76,K,0.32,0.32,0.32,0.32,0.32,0.32
77,N,0.96,0.96,0.96,0.96,0.96,0.96
78,T,0.32,0.32,0.32,0.32,0.32,0.32
79,L,0,0,0,0,0,0
80,Y,0.32,0.32,0.32,0.32,0.32,0.32
81,L,0,0,0,0,0,0
82,Q,0,0,0,0,0,0
83,M,0,0,0,0,0,0
84,N,0,0,0,0,0,0
85,S,0,0,0,0,0,0
86,L,0,0,0,0,0,0
87,R,0,0,0,0,0,0
88,A,0,0,0,0,0,0
89,E,0,0,0,0,0,0
90,D,0,0,0,0,0,0
91,T,0.32,0.32,0.32,0.32,0.32,0.32
92,A,0,0,0,0,0,0
93,V,0.32,0.32,0.32,0.32,0.32,0.32
94,Y,0,0,0,0,0,0
95,Y,0.64,0.64,0.64,0.64,0.64,0.64
96,C,0,0,0,0,0,0
97,A,0.1,0.6,0.6,0.1,0.5,0.5
98,K,7,7.9,10.7,7,7.9,10.7
99,T,37.1,35.5,50.1,37.1,35.5,50.1
100,L,33.7,37.1,36,33.7,37.1,36
101,L,63.8,63.3,61.9,67.4,66.8,65.5
102,D,64.8,66.4,64.8,69.7,68.2,66.8
103,V,70,75.8,71.7,75.2,78.4,73.2
104,V,68.5,61.5,62.7,70.9,63.9,64.7
105,V,26.67,26.67,26.67,26.67,26.67,26.67
106,V,42.11,42.11,42.11,42.11,42.11,42.11
107,P,62.5,62.5,62.5,62.5,62.5,62.5
108,A,0,0,0,0,0,0
109,A,0,0,0,0,0,0
110,T,0,0,0,0,0,0
111,P,50,50,50,50,50,50
112,Q,69.23,69.23,69.23,69.23,69.23,69.23
113,N,82.61,82.61,82.61,82.61,82.61,82.61
114,Y,55.32,55.32,55.32,55.32,55.32,55.32
115,Y,87.8,88,87.7,87.8,88,87.7
116,Y,76,67.1,66.8,76,67.1,66.8
117,Y,75.7,74.7,74.5,75.7,74.7,74.5
118,G,10.4,10.6,12.8,10.4,10.6,12.8
119,M,8.8,8.9,12.5,8.8,8.9,12.5
120,D,14.1,2,2.9,14.1,2,2.9
121,V,2.56,2.56,2.56,2.56,2.56,2.56
122,W,0.8,0.7,4.9,0.5,0.5,4.3
123,G,0,0,0,0,0,0
124,Q,0,0,0,0,0,0
125,G,0,0,0,0,0,0
126,T,0,0,0,0,0,0
127,T,0.64,0.64,0.64,0.64,0.64,0.64
128,V,0,0,0,0,0,0
129,T,0.32,0.32,0.32,0.32,0.32,0.32
130,V,0,0,0,0,0,0
131,S,0,0,0,0,0,0
132,S,0,0,0,0,0,0
