,1,2,3,4,5,6,7,8,9,10,11,12,13,14,15,16,17,18,19,20,21,22,23,24,25,26,27,28,29,30,31,32,33,34,35,36,37,38,39,40,41,42,43,44,45,46,47,48,49,50,51,52,52A,52B,52C,53,54,55,56,57,58,59,60,61,62,63,64,65,66,67,68,69,70,71,72,73,74,75,76,77,78,79,80,81,82,82A,82B,82C,83,84,85,86,87,88,89,90,91,92,93,94,95,96,97,98,99,100,100A,100B,100C,100D,100E,100F,100G,100H,100I,100J,100K,100L,100M,100N,101,102,103,104,105,106,107,108,109,110,111,112,113
sequence,E,V,Q,L,V,E,S,G,G,G,L,V,K,P,G,G,S,L,R,L,S,C,A,A,S,G,F,M,F,S,S,Y,E,M,N,W,V,R,Q,A,P,G,K,G,L,E,W,V,G,R,I,K,S,K,T,D,G,G,T,T,D,Y,A,A,P,V,K,G,R,F,T,I,S,R,D,D,S,K,N,T,L,Y,L,Q,M,N,S,L,K,T,E,D,T,A,V,Y,Y,C,T,T,D,L,F,L,R,A,R,V,V,P,A,A,M,A,P,Y,Y,Y,G,M,D,V,W,G,Q,G,T,T,V,T,V,S,S
heavy_cont_all,2.47,2.73,0,0,0,0,0.32,0,0,0,0,0,0,0,0,0,0,0,0.32,0.32,0.32,0,0,0.32,0.96,2.56,12.67,22.53,0.96,49.6,65.8,37.5,75.3,0,11.8,0,3.19,0,0.32,0.32,0.32,0,0.32,0,0,0,35.3,0,0.32,64.5,23,51.4,28.7,11.43,26.47,33.1,39.5,27.4,44.9,28.7,36.6,0.96,0,1.6,0.32,0,1.28,0.32,0,0,0.32,0,0,0.32,0.32,1.6,0.96,0.32,0.96,0.32,0,0.32,0,0,0,0,0,0,0,0,0,0,0.32,0,0.32,0,0.64,0,2,14.3,50.1,39.3,57.7,68.3,69.1,46.9,26.67,42.11,62.5,0,0,50,69.23,82.61,55.32,92.7,78,78.2,10.8,8.3,31,2.56,1.4,0,0,0,0,0.64,0,0.32,0,0,0
heavy_cont_side,2.06,2.73,0,0,0,0,0.32,0,0,0,0,0,0,0,0,0,0,0,0.32,0,0.32,0,0,0,0.32,0,15.3,22.6,0.96,50.2,57.8,29.2,78.8,0,11,0,3.19,0,0.32,0,0.32,0,0.32,0,0,0,17.4,0,0,60.6,0.32,48,26.5,8.57,11.76,28.2,20.7,19.8,38.3,0.96,32.4,0.96,0,1.6,0,0,1.28,0.32,0,0,0.32,0,0,0,0,1.6,0.32,0.32,0.96,0.32,0,0.32,0,0,0,0,0,0,0,0,0,0,0.32,0,0.32,0,0.64,0,1.5,12.9,60.5,22.7,44.8,59,60.5,43.3,23.33,26.32,25,0,0,0,46.15,56.52,31.91,92,52.8,76.4,8.7,9.1,30.8,2.56,2.1,0,0,0,0,0.64,0,0.32,0,0,0
heavy_cont_main,1.23,0.34,0,0,0,0,0,0,0,0,0,0,0,0,0,0,0,0,0.32,0.32,0.32,0,0,0.32,0.96,2.56,3.19,17.5,0.64,34.6,53.4,21.7,23.5,0,0,0,0,0,0.32,0.32,0.32,0,0,0,0,0,0,0,0.32,20.4,22.9,25.5,19.9,2.86,14.71,20.5,29.9,23.1,26.4,31.7,21.3,0.64,0,0,0.32,0,0.32,0.32,0,0,0,0,0,0.32,0.32,0.32,0.64,0,0,0,0,0,0,0,0,0,0,0,0,0,0,0,0,0,0.32,0,0,0,0,2.24,9.3,24,34.1,60.4,57.7,42,13.33,31.58,50,0,0,50,46.15,60.87,44.68,61.9,65.5,57.4,9.2,1.1,0.96,0.32,0.32,0,0,0,0,0,0,0,0,0,0
heavy_hbond_all,0.82,0.34,0,0,0,0,0,0,0,0,0,0,0,0,0,0,0,0,0,0,0,0,0,0,0,0.64,0.32,2.88,0.64,32.7,58.3,8.8,52.6,0,6.1,0,0,0,0,0,0,0,0,0,0,0,0.96,0,0,16.9,0,29.3,23.8,2.86,5.88,18.3,25.1,23,8.4,3.19,24,0.32,0,0.32,0,0,0.32,0.32,0,0,0,0,0,0,0,0.96,0,0,0.32,0,0,0,0,0,0,0,0,0,0,0,0,0,0,0,0,0,0,0,0.96,2.24,59.7,21.1,15.6,26.2,48.1,37.8,6.67,21.05,25,0,0,50,15.38,39.13,14.89,68.2,45.3,72.1,10.1,1.29,3.19,0.96,0.64,0,0,0,0,0,0,0,0,0,0
heavy_hbond_side,0.41,0,0,0,0,0,0,0,0,0,0,0,0,0,0,0,0,0,0,0,0,0,0,0,0,0,0.32,2.56,0,2.24,45.4,7.5,47.1,0,5.5,0,0,0,0,0,0,0,0,0,0,0,0.96,0,0,16.1,0,31.8,16.6,2.86,2.94,10.9,13.6,1.6,7.1,0.64,25.7,0,0,0.32,0,0,0.32,0.32,0,0,0,0,0,0,0,0.96,0,0,0.32,0,0,0,0,0,0,0,0,0,0,0,0,0,0,0,0,0,0,0,0.96,1.92,61.6,7.6,13.5,6,49.2,10,0,15.79,0,0,0,0,7.69,17.39,8.51,10.99,21.9,57.6,10.7,0.97,2.88,0.96,0.64,0,0,0,0,0,0,0,0,0,0
heavy_hbond_main,0.41,0,0,0,0,0,0,0,0,0,0,0,0,0,0,0,0,0,0,0,0,0,0,0,0,0,0.32,2.56,0,2.24,45.4,7.5,47.1,0,5.5,0,0,0,0,0,0,0,0,0,0,0,0.96,0,0,16.1,0,31.8,16.6,2.86,2.94,10.9,13.6,1.6,7.1,0.64,25.7,0,0,0.32,0,0,0.32,0.32,0,0,0,0,0,0,0,0.96,0,0,0.32,0,0,0,0,0,0,0,0,0,0,0,0,0,0,0,0,0,0,0,0.96,1.92,61.6,7.6,13.5,6,49.2,10,0,15.79,0,0,0,0,7.69,17.39,8.51,10.99,21.9,57.6,10.7,0.97,2.88,0.96,0.64,0,0,0,0,0,0,0,0,0,0
heavy_hydro_all,1.65,2.05,0,0,0,0,0,0,0,0,0,0,0,0,0,0,0,0,0.32,0.32,0.32,0,0,0,0,0.96,2.88,32.6,0.64,17.9,44.5,30.5,55.3,0,6.9,0,2.56,0,0.32,0.32,0.32,0,0,0,0,0,26.4,0,0,11,2.88,25.3,28.7,2.86,5.88,17.7,10.3,4.6,24.3,2.88,22.3,0,0,0.96,0,0,0.32,0,0,0,0,0,0,0,0,0,0.32,0,0,0,0,0.32,0,0,0,0,0,0,0,0,0,0,0,0,0.32,0,0.64,0,2.88,2.24,22.7,19.2,41,70.4,46.8,47.8,13.33,21.05,37.5,0,0,25,23.08,39.13,29.79,76.8,46.9,69.3,2.2,4,21.3,0.96,0.9,0,0,0,0,0.32,0,0.32,0,0,0
heavy_hydro_side,1.65,2.05,0,0,0,0,0,0,0,0,0,0,0,0,0,0,0,0,0.32,0,0.32,0,0,0,0,0,1.92,29.1,0.64,2.88,20.9,19.6,55,0,6.5,0,2.56,0,0.32,0,0,0,0,0,0,0,26.8,0,0,14.6,0.32,23.6,24.3,2.86,5.88,19.3,9.2,2.24,19.5,0.32,20.7,0,0,0.96,0,0,0.32,0,0,0,0,0,0,0,0,0,0.32,0,0,0,0,0.32,0,0,0,0,0,0,0,0,0,0,0,0,0.32,0,0.64,0,2.88,1.92,18.9,20.3,43.7,58.6,48.3,34,13.33,21.05,25,0,0,0,7.69,26.09,17.02,78.8,44.1,66.7,2.6,18.9,20.3,0.96,0.6,0,0,0,0,0.32,0,0.32,0,0,0
heavy_hydro_main,0,0,0,0,0,0,0,0,0,0,0,0,0,0,0,0,0,0,0.32,0.32,0,0,0,0,0,0.96,1.28,0,0,0.64,42.3,5.2,1.28,0,0,0,0,0,0,0.32,0.32,0,0,0,0,0,0,0,0,1.6,2.56,1.92,0,0,0,2.24,1.28,1.28,3.19,2.56,0.32,0,0,0,0,0,0,0,0,0,0,0,0,0,0,0,0,0,0,0,0,0,0,0,0,0,0,0,0,0,0,0,0,0,0,0,0,0,0,0.32,0.6,6.3,11.6,11,27,10,3.33,0,12.5,0,0,25,15.38,21.74,14.89,8.79,9.7,5.1,0.7,1.94,0.32,0,0,0,0,0,0,0,0,0,0,0,0
