,1,2,3,4,5,6,7,8,9,10,11,12,13,14,15,16,17,18,19,20,21,22,23,24,25,26,27,28,29,30,31,32,33,34,35,36,37,38,39,40,41,42,43,44,45,46,47,48,49,50,51,52,52A,53,54,55,56,57,58,59,60,61,62,63,64,65,66,67,68,69,70,71,72,73,74,75,76,77,78,79,80,81,82,82A,82B,82C,83,84,85,86,87,88,89,90,91,92,93,94,95,96,97,98,99,100,100A,100B,100C,100D,100E,100F,100G,100H,100I,100J,100K,100L,100M,100N,100O,101,102,103,104,105,106,107,108,109,110,111,112,113
sequence,Q,V,Q,L,V,E,S,G,G,G,V,V,Q,P,G,R,S,L,R,L,S,C,A,A,S,G,F,T,F,S,S,Y,A,M,S,W,V,R,Q,A,P,G,K,G,L,E,W,V,A,V,I,S,Y,D,G,S,N,K,Y,Y,A,D,S,V,K,G,R,F,T,I,S,R,D,N,S,K,N,T,L,Y,L,Q,M,N,S,L,R,A,E,D,T,A,V,Y,Y,C,A,K,T,A,S,F,V,V,V,P,A,A,I,S,D,G,D,G,Y,Y,Y,Y,M,D,V,W,G,K,G,T,T,V,T,V,S,S
heavy_cont_all,2.47,2.73,0,0,0,0,0.32,0,0,0,0,0,0,0,0,0,0,0,0.32,0.32,0.32,0,0,0.32,0.96,2.56,15.93,20.67,0.96,35.5,64.8,42.7,59.5,0,11.8,0,3.19,0,0.32,0.32,0.32,0,0.32,0,0,0,23.6,0,0.32,36.9,24.9,66.5,79.6,36.8,23.8,28.9,62.9,16.5,74.3,0.96,0,1.6,0.32,0,1.28,0.32,0,0,0.32,0,0,0.32,0.32,1.6,0.96,0.32,0.96,0.32,0,0.32,0,0,0,0,0,0,0,0,0,0,0.32,0,0.32,0,0.64,0,1.3,5.8,35,39,57.4,79.6,75.3,56.9,26.67,42.11,62.5,0,0,0,50,69.23,82.61,55.32,87.3,67.8,74.6,11.1,10.1,5.3,2.56,0.9,0,0,0,0,0.64,0,0.32,0,0,0
heavy_cont_side,2.06,2.73,0,0,0,0,0.32,0,0,0,0,0,0,0,0,0,0,0,0.32,0,0.32,0,0,0,0.32,0,19.3,22,0.96,38.4,36,38.4,63.2,0,9.6,0,3.19,0,0.32,0,0.32,0,0.32,0,0,0,15.3,0,0,23.3,0.32,65.7,77.5,29,8,18.6,65.3,0.96,72.5,0.96,0,1.6,0,0,1.28,0.32,0,0,0.32,0,0,0,0,1.6,0.32,0.32,0.96,0.32,0,0.32,0,0,0,0,0,0,0,0,0,0,0.32,0,0.32,0,0.64,0,1,5.4,41.1,30.4,51.9,78.1,46.5,47.3,23.33,26.32,25,0,0,0,0,46.15,56.52,31.91,84.9,55.4,78.8,7.3,8.8,5.3,2.56,1.3,0,0,0,0,0.64,0,0.32,0,0,0
heavy_cont_main,1.23,0.34,0,0,0,0,0,0,0,0,0,0,0,0,0,0,0,0,0.32,0.32,0.32,0,0,0.32,0.96,2.56,3.19,1.4,0.64,18.5,57.7,37.1,12.8,0,0,0,0,0,0.32,0.32,0.32,0,0,0,0,0,0,0,0.32,10.8,20.9,58.8,76.2,29.8,25,16.9,16.1,16.1,13.1,0.64,0,0,0.32,0,0.32,0.32,0,0,0,0,0,0.32,0.32,0.32,0.64,0,0,0,0,0,0,0,0,0,0,0,0,0,0,0,0,0,0.32,0,0,0,0,2.24,25.2,34.4,53.8,72,59.8,47.4,13.33,31.58,50,0,0,0,50,46.15,60.87,44.68,49.5,40.4,24.4,5.3,1.3,0.96,0.32,0.32,0,0,0,0,0,0,0,0,0,0
heavy_hbond_all,0.82,0.34,0,0,0,0,0,0,0,0,0,0,0,0,0,0,0,0,0,0,0,0,0,0,0,0.64,0.32,2.88,0.64,25.2,42.2,3.6,17.7,0,4,0,0,0,0,0,0,0,0,0,0,0,0.96,0,0,8.7,0,15.8,77.1,16.8,9.1,13.9,43.1,3.19,24.3,0.32,0,0.32,0,0,0.32,0.32,0,0,0,0,0,0,0,0.96,0,0,0.32,0,0,0,0,0,0,0,0,0,0,0,0,0,0,0,0,0,0,0,0.96,2.24,21.3,11.3,17.3,33.3,26,24.7,6.67,21.05,25,0,0,0,50,15.38,39.13,14.89,59.3,20.8,64.1,1.1,1.29,3.19,0.96,0.64,0,0,0,0,0,0,0,0,0,0
heavy_hbond_side,0.41,0,0,0,0,0,0,0,0,0,0,0,0,0,0,0,0,0,0,0,0,0,0,0,0,0,0.32,2.56,0,2.24,43.9,3.3,5.7,0,3.8,0,0,0,0,0,0,0,0,0,0,0,0.96,0,0,10.5,0,16.9,5.3,9.1,5,1.6,37,0.64,28.2,0,0,0.32,0,0,0.32,0.32,0,0,0,0,0,0,0,0.96,0,0,0.32,0,0,0,0,0,0,0,0,0,0,0,0,0,0,0,0,0,0,0,0.96,1.92,25.3,1.9,9.5,2.7,19.9,10,0,15.79,0,0,0,0,0,7.69,17.39,8.51,10.99,6.3,56.8,0,0.97,2.88,0.96,0.64,0,0,0,0,0,0,0,0,0,0
heavy_hbond_main,0.41,0,0,0,0,0,0,0,0,0,0,0,0,0,0,0,0,0,0,0,0,0,0,0,0,0,0.32,2.56,0,2.24,43.9,3.3,5.7,0,3.8,0,0,0,0,0,0,0,0,0,0,0,0.96,0,0,10.5,0,16.9,5.3,9.1,5,1.6,37,0.64,28.2,0,0,0.32,0,0,0.32,0.32,0,0,0,0,0,0,0,0.96,0,0,0.32,0,0,0,0,0,0,0,0,0,0,0,0,0,0,0,0,0,0,0,0.96,1.92,25.3,1.9,9.5,2.7,19.9,10,0,15.79,0,0,0,0,0,7.69,17.39,8.51,10.99,6.3,56.8,0,0.97,2.88,0.96,0.64,0,0,0,0,0,0,0,0,0,0
heavy_hydro_all,1.65,2.05,0,0,0,0,0,0,0,0,0,0,0,0,0,0,0,0,0.32,0.32,0.32,0,0,0,0,0.96,2.88,36.4,0.64,25.1,29.2,19.3,18.8,0,8.6,0,2.56,0,0.32,0.32,0.32,0,0,0,0,0,19.5,0,0,23.4,2.88,48.9,72.1,16.4,16.1,7.6,39.5,2.88,61.2,0,0,0.96,0,0,0.32,0,0,0,0,0,0,0,0,0,0.32,0,0,0,0,0.32,0,0,0,0,0,0,0,0,0,0,0,0,0.32,0,0.64,0,2.88,2.24,44.2,45.5,29.1,79.3,36.3,38,13.33,21.05,37.5,0,0,0,25,23.08,39.13,29.79,67,52.7,67.1,10.6,8,5.5,0.96,1.4,0,0,0,0,0.32,0,0.32,0,0,0
heavy_hydro_side,1.65,2.05,0,0,0,0,0,0,0,0,0,0,0,0,0,0,0,0,0.32,0,0.32,0,0,0,0,0,1.92,35.8,0.64,2.88,29.8,16.8,16.9,0,8.5,0,2.56,0,0.32,0,0,0,0,0,0,0,20,0,0,17.4,0.32,50.1,71,15.5,6.5,2.24,37.7,0.32,61.6,0,0,0.96,0,0,0.32,0,0,0,0,0,0,0,0,0,0.32,0,0,0,0,0.32,0,0,0,0,0,0,0,0,0,0,0,0,0.32,0,0.64,0,2.88,1.92,45.8,19.4,20.3,75.4,32.6,25.2,13.33,21.05,25,0,0,0,0,7.69,26.09,17.02,68.5,42.7,70.2,10.6,19.4,5.8,0.96,1.2,0,0,0,0,0.32,0,0.32,0,0,0
heavy_hydro_main,0,0,0,0,0,0,0,0,0,0,0,0,0,0,0,0,0,0,0.32,0.32,0,0,0,0,0,0.96,1.28,0,0,0.64,19.9,2,1.28,0,0,0,0,0,0,0.32,0.32,0,0,0,0,0,0,0,0,1.6,2.56,1.92,0,2.24,1.28,1.28,3.19,2.56,0.32,0,0,0,0,0,0,0,0,0,0,0,0,0,0,0,0,0,0,0,0,0,0,0,0,0,0,0,0,0,0,0,0,0,0,0,0,0,0,0.32,2.2,30.4,15.1,48.3,14.5,10,3.33,0,12.5,0,0,0,25,15.38,21.74,14.89,8.79,2.7,3.5,2.1,1.94,0.32,0,0,0,0,0,0,0,0,0,0,0,0
