,1,2,3,4,5,6,7,8,9,10,11,12,13,14,15,16,17,18,19,20,21,22,23,24,25,26,27,28,29,30,31,32,33,34,35,36,37,38,39,40,41,42,43,44,45,46,47,48,49,50,51,52,52A,52B,52C,53,54,55,56,57,58,59,60,61,62,63,64,65,66,67,68,69,70,71,72,73,74,75,76,77,78,79,80,81,82,82A,82B,82C,83,84,85,86,87,88,89,90,91,92,93,94,95,96,97,98,99,100,100A,100B,100C,100D,100E,100F,100G,100H,100I,100J,100K,100L,100M,100N,100O,100P,100Q,100R,101,102,103,104,105,106,107,108,109,110,111,112,113
sequence,E,V,Q,L,V,E,S,G,G,G,L,V,K,P,G,G,S,L,R,L,S,C,A,A,S,G,F,T,F,S,N,A,W,M,S,W,V,R,Q,A,P,G,K,G,L,E,W,V,G,R,I,K,S,K,T,D,G,G,T,T,D,Y,A,A,P,V,K,G,R,F,T,I,S,R,D,D,S,K,N,T,L,Y,L,Q,M,N,S,L,K,T,E,D,T,A,V,Y,Y,C,T,T,P,P,G,H,I,V,V,V,P,A,A,N,S,L,I,A,A,P,Y,Y,Y,Y,G,M,D,V,W,G,Q,G,T,T,V,T,V,S,S
heavy_cont_all,2.47,2.73,0,0,0,0,0.32,0,0,0,0,0,0,0,0,0,0,0,0.32,0.32,0.32,0,0,0.32,0.96,2.56,30.27,37.4,0.96,47.4,61.6,49.6,82.5,0,16.1,0,3.19,0,0.32,0.32,0.32,0,0.32,0,0,0,27.6,0,0.32,66.9,26.1,51.7,35.7,11.43,26.47,40.1,33.2,22.3,37.1,21.2,50.8,0.96,0,1.6,0.32,0,1.28,0.32,0,0,0.32,0,0,0.32,0.32,1.6,0.96,0.32,0.96,0.32,0,0.32,0,0,0,0,0,0,0,0,0,0,0.32,0,0.32,0,0.64,0,3.1,18.2,46.4,37.6,54.4,63.7,71.4,54.9,26.67,42.11,62.5,0,0,0,0,0,0,50,69.23,82.61,55.32,87,82.2,81.3,11.9,11.8,20.8,2.56,1.7,0,0,0,0,0.64,0,0.32,0,0,0
heavy_cont_side,2.06,2.73,0,0,0,0,0.32,0,0,0,0,0,0,0,0,0,0,0,0.32,0,0.32,0,0,0,0.32,0,23.8,37.5,0.96,41.3,44,36.8,83.2,0,14.3,0,3.19,0,0.32,0,0.32,0,0.32,0,0,0,15.7,0,0,62.6,0.32,51.7,35,8.57,11.76,37.5,18.4,6.8,33.3,0.96,49,0.96,0,1.6,0,0,1.28,0.32,0,0,0.32,0,0,0,0,1.6,0.32,0.32,0.96,0.32,0,0.32,0,0,0,0,0,0,0,0,0,0,0.32,0,0.32,0,0.64,0,2.2,20.1,41.3,37.2,25.4,66.5,61.5,51.1,23.33,26.32,25,0,0,0,0,0,0,0,46.15,56.52,31.91,87.8,54.6,77.5,11.1,14.1,22.5,2.56,2,0,0,0,0,0.64,0,0.32,0,0,0
heavy_cont_main,1.23,0.34,0,0,0,0,0,0,0,0,0,0,0,0,0,0,0,0,0.32,0.32,0.32,0,0,0.32,0.96,2.56,3.19,19,0.64,43.2,63.5,29.9,22.5,0,0,0,0,0,0.32,0.32,0.32,0,0,0,0,0,0,0,0.32,15.7,21.4,25.9,25.1,2.86,14.71,22.6,17.8,26.2,25,26.3,12.3,0.64,0,0,0.32,0,0.32,0.32,0,0,0,0,0,0.32,0.32,0.32,0.64,0,0,0,0,0,0,0,0,0,0,0,0,0,0,0,0,0,0.32,0,0,0,0,2.24,11.9,25.4,45.6,62.4,63.3,46.3,13.33,31.58,50,0,0,0,0,0,0,50,46.15,60.87,44.68,64.6,60.8,48.3,10.4,0.2,0.96,0.32,0.32,0,0,0,0,0,0,0,0,0,0
heavy_hbond_all,0.82,0.34,0,0,0,0,0,0,0,0,0,0,0,0,0,0,0,0,0,0,0,0,0,0,0,0.64,0.32,2.88,0.64,24.9,58.1,12.3,36.7,0,5.2,0,0,0,0,0,0,0,0,0,0,0,0.96,0,0,26,0,39.5,25.6,2.86,5.88,25.4,27.2,10.8,12.9,3.19,20.4,0.32,0,0.32,0,0,0.32,0.32,0,0,0,0,0,0,0,0.96,0,0,0.32,0,0,0,0,0,0,0,0,0,0,0,0,0,0,0,0,0,0,0,0.96,2.24,28.8,19.6,21.2,29.3,37.9,29.5,6.67,21.05,25,0,0,0,0,0,0,50,15.38,39.13,14.89,67.6,43.5,63.4,7.2,1.29,3.19,0.96,0.64,0,0,0,0,0,0,0,0,0,0
heavy_hbond_side,0.41,0,0,0,0,0,0,0,0,0,0,0,0,0,0,0,0,0,0,0,0,0,0,0,0,0,0.32,2.56,0,2.24,47.8,9.7,24.8,0,3.8,0,0,0,0,0,0,0,0,0,0,0,0.96,0,0,23.1,0,42.4,18.4,2.86,2.94,20.3,15.3,1.6,13,0.64,22.3,0,0,0.32,0,0,0.32,0.32,0,0,0,0,0,0,0,0.96,0,0,0.32,0,0,0,0,0,0,0,0,0,0,0,0,0,0,0,0,0,0,0,0.96,1.92,26.9,8.5,12.9,30.4,25.6,10,0,15.79,0,0,0,0,0,0,0,0,7.69,17.39,8.51,10.99,34.6,54.3,11.1,0.97,2.88,0.96,0.64,0,0,0,0,0,0,0,0,0,0
heavy_hbond_main,0.41,0,0,0,0,0,0,0,0,0,0,0,0,0,0,0,0,0,0,0,0,0,0,0,0,0,0.32,2.56,0,2.24,47.8,9.7,24.8,0,3.8,0,0,0,0,0,0,0,0,0,0,0,0.96,0,0,23.1,0,42.4,18.4,2.86,2.94,20.3,15.3,1.6,13,0.64,22.3,0,0,0.32,0,0,0.32,0.32,0,0,0,0,0,0,0,0.96,0,0,0.32,0,0,0,0,0,0,0,0,0,0,0,0,0,0,0,0,0,0,0,0.96,1.92,26.9,8.5,12.9,30.4,25.6,10,0,15.79,0,0,0,0,0,0,0,0,7.69,17.39,8.51,10.99,34.6,54.3,11.1,0.97,2.88,0.96,0.64,0,0,0,0,0,0,0,0,0,0
heavy_hydro_all,1.65,2.05,0,0,0,0,0,0,0,0,0,0,0,0,0,0,0,0,0.32,0.32,0.32,0,0,0,0,0.96,2.88,48.4,0.64,29.5,37.8,37.3,62.9,0,11.9,0,2.56,0,0.32,0.32,0.32,0,0,0,0,0,20.8,0,0,23.2,2.88,35.9,15.2,2.86,5.88,14.7,9.6,5.7,27.5,2.88,31.5,0,0,0.96,0,0,0.32,0,0,0,0,0,0,0,0,0,0.32,0,0,0,0,0.32,0,0,0,0,0,0,0,0,0,0,0,0,0.32,0,0.64,0,2.88,2.24,31.9,27.1,38.2,58.1,58.2,43.2,13.33,21.05,37.5,0,0,0,0,0,0,25,23.08,39.13,29.79,75.2,49.5,71.1,3.2,6.5,8.6,0.96,0.8,0,0,0,0,0.32,0,0.32,0,0,0
heavy_hydro_side,1.65,2.05,0,0,0,0,0,0,0,0,0,0,0,0,0,0,0,0,0.32,0,0.32,0,0,0,0,0,1.92,44.7,0.64,2.88,23.9,26.4,64.3,0,9.4,0,2.56,0,0.32,0,0,0,0,0,0,0,20.2,0,0,27.8,0.32,33.6,11.4,2.86,5.88,16.5,7.7,2.24,26.7,0.32,28.2,0,0,0.96,0,0,0.32,0,0,0,0,0,0,0,0,0,0.32,0,0,0,0,0.32,0,0,0,0,0,0,0,0,0,0,0,0,0.32,0,0.64,0,2.88,1.92,27.3,33.4,29.5,61.6,54.7,26.4,13.33,21.05,25,0,0,0,0,0,0,0,7.69,26.09,17.02,77.7,48.5,70.7,3.8,10,9.3,0.96,1.1,0,0,0,0,0.32,0,0.32,0,0,0
heavy_hydro_main,0,0,0,0,0,0,0,0,0,0,0,0,0,0,0,0,0,0,0.32,0.32,0,0,0,0,0,0.96,1.28,0,0,0.64,25.5,13.4,1.28,0,0,0,0,0,0,0.32,0.32,0,0,0,0,0,0,0,0,1.6,2.56,1.92,0,0,0,2.24,1.28,1.28,3.19,2.56,0.32,0,0,0,0,0,0,0,0,0,0,0,0,0,0,0,0,0,0,0,0,0,0,0,0,0,0,0,0,0,0,0,0,0,0,0,0,0,0,0.32,11.7,7.7,27.8,39.5,34.9,10,3.33,0,12.5,0,0,0,0,0,0,25,15.38,21.74,14.89,8.79,5.7,7.2,1.1,1.94,0.32,0,0,0,0,0,0,0,0,0,0,0,0
