,1,2,3,4,5,6,7,8,9,10,11,12,13,14,15,16,17,18,19,20,21,22,23,24,25,26,27,28,29,30,31,32,33,34,35,36,37,38,39,40,41,42,43,44,45,46,47,48,49,50,51,52,53,54,55,56,57,58,59,60,61,62,63,64,65,66,67,68,69,70,71,72,73,74,75,76,77,78,79,80,81,82,83,84,85,86,87,88,89,90,91,92,93,94,95,96,97,98,99,100,101,102,103,104,105,106,107
Sequence,E,I,V,L,T,Q,S,P,A,T,L,S,L,S,P,G,E,R,A,T,L,S,C,R,A,S,Q,S,V,S,S,Y,L,A,W,Y,Q,Q,K,P,G,Q,A,P,R,L,L,I,Y,D,A,S,N,R,A,T,G,I,P,A,R,F,S,G,S,G,S,G,T,D,F,T,L,T,I,S,S,L,E,P,E,D,F,A,V,Y,Y,C,Q,Q,R,S,N,W,P,L,T,F,G,G,G,T,K,V,E,I,K
light_cont_all,1.33,0,0,0,0,0,0,0,0,0,0,0,0,0,0,0,0,0.32,0,0,0,0,0,0,0,0,9.6,1.2,2.56,46.6,31.87,73,1.28,1.2,0.32,0.53,0,0,0,0,0.32,0,0.32,0.32,0.32,0.4,0,0,21.87,34.8,2.24,2.56,29.07,3.19,0.07,2.93,0.64,0.96,0.96,0.96,0.64,0,0.32,0.32,0.32,2.24,1.6,0.64,0,0.32,0,0.32,0,0.32,0,0.32,0.32,0,0.64,0.32,0.32,0.32,0,0,0,0,0,0,0.67,0.96,77.33,68.2,32.27,59.07,5,35.4,0,0.2,0,0,0,0,0,0,0,0,0
light_cont_side,0.88,0,0,0,0,0,0,0,0,0,0,0,0,0,0,0,0,0.32,0,0,0,0,0,0,0,0,10.8,0.33,0.96,42.53,32.27,74,0,0.8,0,0.47,0,0,0,0,0,0,0.32,0.32,0.32,0.13,0,0,22.33,36.53,2.24,1.92,26.07,1.28,0.27,5.13,0,0,0.64,0.96,0.64,0,0.32,0,0.32,2.24,1.6,0,0,0.32,0,0.32,0,0.32,0,0.32,0.32,0,0.64,0.32,0.32,0.32,0,0,0,0,0,0,0.33,0.64,62.93,29.87,23.2,60.67,2.13,32.2,0,0.33,0,0,0,0,0,0,0,0,0
light_cont_main,0.88,0,0,0,0,0,0,0,0,0,0,0,0,0,0,0,0,0,0,0,0,0,0,0,0,0,0.96,2.88,2.24,2.13,4.53,0.27,1.28,0.96,0.32,0,0,0,0,0,0.32,0,0,0,0,0,0,0,1.6,16.13,0,1.28,0.64,2.56,0.32,2.88,0.64,0.96,0.64,0.64,0,0,0,0.32,0.32,0,0.64,0.64,0,0.32,0,0.32,0,0,0,0,0,0,0,0,0,0,0,0,0,0,0,0,0.32,0.32,78.87,67.47,17.27,36.27,2.48,0.32,0,0,0,0,0,0,0,0,0,0,0
light_hbond_all,0,0,0,0,0,0,0,0,0,0,0,0,0,0,0,0,0,0,0,0,0,0,0,0,0,0,0.64,1.92,0.64,23.27,6.67,38.47,0.32,0.2,0,0.32,0,0,0,0,0.32,0,0,0,0,0.96,0,0,1.13,2.8,0.96,1.92,4.93,1.28,0.96,2.56,0,0.32,0,0,0,0,0,0,0.32,1.6,0,0.64,0,0,0,0,0,0,0,0,0,0,0,0,0,0,0,0,0,0,0,0,1.28,0,56.2,19.87,8.13,38.8,0,3.93,0,0,0,0,0,0,0,0,0,0,0
light_hbond_side,0,0,0,0,0,0,0,0,0,0,0,0,0,0,0,0,0,0,0,0,0,0,0,0,0,0,0.64,1.28,0,25.27,4.93,40.4,0,0.27,0,0.32,0,0,0,0,0,0,0,0,0,0.96,0,0,1.67,2.93,0.96,1.28,4.27,0,0.64,1.92,0,0,0,0,0,0,0,0,0.32,1.6,0,0,0,0,0,0,0,0,0,0,0,0,0,0,0,0,0,0,0,0,0,0,1.28,0,48.67,3.07,0.87,28.27,0,3.6,0,0,0,0,0,0,0,0,0,0,0
light_hbond_main,0,0,0,0,0,0,0,0,0,0,0,0,0,0,0,0,0,0,0,0,0,0,0,0,0,0,0.64,1.28,0,25.27,4.93,40.4,0,0.27,0,0.32,0,0,0,0,0,0,0,0,0,0.96,0,0,1.67,2.93,0.96,1.28,4.27,0,0.64,1.92,0,0,0,0,0,0,0,0,0.32,1.6,0,0,0,0,0,0,0,0,0,0,0,0,0,0,0,0,0,0,0,0,0,0,1.28,0,48.67,3.07,0.87,28.27,0,3.6,0,0,0,0,0,0,0,0,0,0,0
light_hydro_all,0.88,0,0,0,0,0,0,0,0,0,0,0,0,0,0,0,0,0.32,0,0,0,0,0,0,0,0,0.96,2.88,0.96,3.27,5.93,59.87,0,0.2,0,1.92,0,0,0,0,0,0,0,0.32,0.32,2.88,0,0,5.47,28.93,0.96,0.64,1.87,0.32,1.92,3.19,0.32,0.32,0.32,0.32,0.32,0,0,0,0,0,0.64,0,0,0.32,0,0.32,0,0.32,0,0,0.32,0,0.32,0.32,0,0,0,0,0,0,0,0,0.93,0.32,37.33,28.93,16.8,21.67,2.13,24.2,0,2.24,0,0,0,0,0,0,0,0,0
light_hydro_side,0,0,0,0,0,0,0,0,0,0,0,0,0,0,0,0,0,0.32,0,0,0,0,0,0,0,0,0.96,2.24,0.64,3.53,4.53,59.73,0,0.73,0,1.92,0,0,0,0,0,0,0,0.32,0.32,2.88,0,0,6.2,28.87,0.96,0.64,1.13,0.32,1.92,3.19,0,0,0.32,0.32,0.32,0,0,0,0,0,0.64,0,0,0.32,0,0.32,0,0.32,0,0,0.32,0,0.32,0.32,0,0,0,0,0,0,0,0,0.67,0,33.8,19.6,5.53,20.2,1.06,24.47,0,2.24,0,0,0,0,0,0,0,0,0
light_hydro_main,0.88,0,0,0,0,0,0,0,0,0,0,0,0,0,0,0,0,0,0,0,0,0,0,0,0,0,0,0.64,0.64,0.68,1.92,0.64,0,0.64,0,0,0,0,0,0,0,0,0,0,0,0,0,0,0.64,0,0,0,0.32,0,0,0,0.32,0.32,0,0,0,0,0,0,0,0,0,0,0,0,0,0,0,0,0,0,0,0,0,0,0,0,0,0,0,0,0,0,0,0.32,4.8,29.73,7.33,3.21,1.06,0,0,0,0,0,0,0,0,0,0,0,0
