,1,2,3,4,5,6,7,8,9,10,11,12,13,14,15,16,17,18,19,20,21,22,23,24,25,26,27,28,29,30,31,32,33,34,35,36,37,38,39,40,41,42,43,44,45,46,47,48,49,50,51,52,52A,52B,52C,53,54,55,56,57,58,59,60,61,62,63,64,65,66,67,68,69,70,71,72,73,74,75,76,77,78,79,80,81,82,82A,82B,82C,83,84,85,86,87,88,89,90,91,92,93,94,95,96,97,98,99,100,100A,100B,100C,100D,100E,100F,100G,100H,100I,100J,100K,100L,100M,101,102,103,104,105,106,107,108,109,110,111,112,113
sequence,E,V,Q,L,V,E,S,G,G,G,L,V,K,P,G,G,S,L,R,L,S,C,A,A,S,G,F,T,F,S,N,A,W,M,S,W,V,R,Q,A,P,G,K,G,L,E,W,V,G,R,I,K,S,K,T,D,G,G,T,T,D,Y,A,A,P,V,K,G,R,F,T,I,S,R,D,D,S,K,N,T,L,Y,L,Q,M,N,S,L,K,T,E,D,T,A,V,Y,Y,C,T,T,H,I,V,V,V,P,A,A,I,P,S,H,Y,Y,Y,Y,Y,G,M,D,V,W,G,Q,G,T,T,V,T,V,S,S
heavy_cont_all,2.47,2.73,0,0,0,0,0.32,0,0,0,0,0,0,0,0,0,0,0,0.32,0.32,0.32,0,0,0.32,0.96,2.56,22.47,28.47,0.96,45.67,59.33,40.87,86.93,0,15.27,0,3.19,0,0.32,0.32,0.32,0,0.32,0,0,0,29.73,0,0.32,66.6,22.4,58.2,49.73,11.43,26.47,47.4,26.93,24.87,45.07,25.53,56.67,0.96,0,1.6,0.32,0,1.28,0.32,0,0,0.32,0,0,0.32,0.32,1.6,0.96,0.32,0.96,0.32,0,0.32,0,0,0,0,0,0,0,0,0,0,0.32,0,0.32,0,0.64,0,2.67,17.27,60,42.93,59.27,54.87,72.13,49.8,26.67,42.11,62.5,0,50,69.23,82.61,55.32,91.53,63.47,79.2,9.67,13.87,9.33,2.56,6.4,0,0,0,0,0.64,0,0.32,0,0,0
heavy_cont_side,2.06,2.73,0,0,0,0,0.32,0,0,0,0,0,0,0,0,0,0,0,0.32,0,0.32,0,0,0,0.32,0,17.6,29.47,0.96,40.73,41,24,83.73,0,15.13,0,3.19,0,0.32,0,0.32,0,0.32,0,0,0,27.67,0,0,64.87,0.32,58.4,46.4,8.57,11.76,43.53,12.33,4.13,46.67,0.96,58.67,0.96,0,1.6,0,0,1.28,0.32,0,0,0.32,0,0,0,0,1.6,0.32,0.32,0.96,0.32,0,0.32,0,0,0,0,0,0,0,0,0,0,0.32,0,0.32,0,0.64,0,1.87,13.27,63.67,29.67,54.07,44.53,48.8,47.27,23.33,26.32,25,0,0,46.15,56.52,31.91,88.8,41.67,76.53,8,11.2,12.33,2.56,6.33,0,0,0,0,0.64,0,0.32,0,0,0
heavy_cont_main,1.23,0.34,0,0,0,0,0,0,0,0,0,0,0,0,0,0,0,0,0.32,0.32,0.32,0,0,0.32,0.96,2.56,3.19,9.67,0.64,31.2,59.07,30.73,25.6,0,0,0,0,0,0.32,0.32,0.32,0,0,0,0,0,0,0,0.32,17.87,19.8,30.6,31,2.86,14.71,30.67,26.8,23.27,26.67,26.53,13.27,0.64,0,0,0.32,0,0.32,0.32,0,0,0,0,0,0.32,0.32,0.32,0.64,0,0,0,0,0,0,0,0,0,0,0,0,0,0,0,0,0,0.32,0,0,0,0,2.24,20.27,31.73,50.8,56.53,59.53,36.87,13.33,31.58,50,0,50,46.15,60.87,44.68,62.13,42.53,40.27,12.6,3.47,0.96,0.32,0.32,0,0,0,0,0,0,0,0,0,0
heavy_hbond_all,0.82,0.34,0,0,0,0,0,0,0,0,0,0,0,0,0,0,0,0,0,0,0,0,0,0,0,0.64,0.32,2.88,0.64,38.73,50.07,4.67,31.73,0,7.33,0,0,0,0,0,0,0,0,0,0,0,0.96,0,0,27.47,0,41.8,28,2.86,5.88,19.73,29.87,4.33,17.73,3.19,27.27,0.32,0,0.32,0,0,0.32,0.32,0,0,0,0,0,0,0,0.96,0,0,0.32,0,0,0,0,0,0,0,0,0,0,0,0,0,0,0,0,0,0,0,0.96,2.24,49.47,19.33,30.47,21.8,23.93,25.07,6.67,21.05,25,0,50,15.38,39.13,14.89,64.07,27.47,52.4,4.53,1.29,3.19,0.96,0.64,0,0,0,0,0,0,0,0,0,0
heavy_hbond_side,0.41,0,0,0,0,0,0,0,0,0,0,0,0,0,0,0,0,0,0,0,0,0,0,0,0,0,0.32,2.56,0,2.24,38.33,3.47,23.13,0,6.33,0,0,0,0,0,0,0,0,0,0,0,0.96,0,0,27.27,0,39,22.4,2.86,2.94,22.13,17.13,1.6,12.27,0.64,25.73,0,0,0.32,0,0,0.32,0.32,0,0,0,0,0,0,0,0.96,0,0,0.32,0,0,0,0,0,0,0,0,0,0,0,0,0,0,0,0,0,0,0,0.96,1.92,52.93,5.8,11.93,3.8,15.13,10,0,15.79,0,0,0,7.69,17.39,8.51,10.99,19.67,47.73,5.53,0.97,2.88,0.96,0.64,0,0,0,0,0,0,0,0,0,0
heavy_hbond_main,0.41,0,0,0,0,0,0,0,0,0,0,0,0,0,0,0,0,0,0,0,0,0,0,0,0,0,0.32,2.56,0,2.24,38.33,3.47,23.13,0,6.33,0,0,0,0,0,0,0,0,0,0,0,0.96,0,0,27.27,0,39,22.4,2.86,2.94,22.13,17.13,1.6,12.27,0.64,25.73,0,0,0.32,0,0,0.32,0.32,0,0,0,0,0,0,0,0.96,0,0,0.32,0,0,0,0,0,0,0,0,0,0,0,0,0,0,0,0,0,0,0,0.96,1.92,52.93,5.8,11.93,3.8,15.13,10,0,15.79,0,0,0,7.69,17.39,8.51,10.99,19.67,47.73,5.53,0.97,2.88,0.96,0.64,0,0,0,0,0,0,0,0,0,0
heavy_hydro_all,1.65,2.05,0,0,0,0,0,0,0,0,0,0,0,0,0,0,0,0,0.32,0.32,0.32,0,0,0,0,0.96,2.88,31.2,0.64,22.8,26.4,30.13,63.93,0,10.8,0,2.56,0,0.32,0.32,0.32,0,0,0,0,0,41.93,0,0,35.4,2.88,40.4,23.67,2.86,5.88,21.33,13.8,6.53,33.47,2.88,41.67,0,0,0.96,0,0,0.32,0,0,0,0,0,0,0,0,0,0.32,0,0,0,0,0.32,0,0,0,0,0,0,0,0,0,0,0,0,0.32,0,0.64,0,2.88,2.24,36.87,25.53,53.87,56.73,37.27,37.67,13.33,21.05,37.5,0,25,23.08,39.13,29.79,72,40.47,67.87,5.27,8.13,16.93,0.96,5.53,0,0,0,0,0.32,0,0.32,0,0,0
heavy_hydro_side,1.65,2.05,0,0,0,0,0,0,0,0,0,0,0,0,0,0,0,0,0.32,0,0.32,0,0,0,0,0,1.92,31.33,0.64,2.88,16.4,27.53,61.93,0,10.27,0,2.56,0,0.32,0,0,0,0,0,0,0,36.93,0,0,29,0.32,39.13,23.93,2.86,5.88,19.47,9.2,2.24,33.13,0.32,38.93,0,0,0.96,0,0,0.32,0,0,0,0,0,0,0,0,0,0.32,0,0,0,0,0.32,0,0,0,0,0,0,0,0,0,0,0,0,0.32,0,0.64,0,2.88,1.92,37.67,16.33,54.8,47.6,38.93,23.87,13.33,21.05,25,0,0,7.69,26.09,17.02,75.87,35,67.8,3.27,11.93,16.33,0.96,6,0,0,0,0,0.32,0,0.32,0,0,0
heavy_hydro_main,0,0,0,0,0,0,0,0,0,0,0,0,0,0,0,0,0,0,0.32,0.32,0,0,0,0,0,0.96,1.28,0,0,0.64,28.13,11.67,1.28,0,0,0,0,0,0,0.32,0.32,0,0,0,0,0,0,0,0,1.6,2.56,1.92,0,0,0,2.24,1.28,1.28,3.19,2.56,0.32,0,0,0,0,0,0,0,0,0,0,0,0,0,0,0,0,0,0,0,0,0,0,0,0,0,0,0,0,0,0,0,0,0,0,0,0,0,0,0.32,8.73,17.93,26.13,35.2,15.07,10,3.33,0,12.5,0,25,15.38,21.74,14.89,8.79,3.87,6.4,3.87,1.94,0.32,0,0,0,0,0,0,0,0,0,0,0,0
